{
  "files": [
    {
      "filepath": "/Users/lucas/dev/libpdf/benchmarks/splitting.bench.ts",
      "groups": [
        {
          "fullName": "benchmarks/splitting.bench.ts > Extract single page",
          "benchmarks": [
            {
              "id": "-1072438084_0_0",
              "name": "extractPages (1 page from small PDF)",
              "rank": 1,
              "rme": 1.598586232947195,
              "samples": [],
              "totalTime": 500.1328439999987,
              "min": 0.3573750000000473,
              "max": 2.4449999999999363,
              "hz": 2215.411391778147,
              "period": 0.45138343321299523,
              "mean": 0.45138343321299523,
              "variance": 0.015017269876550877,
              "sd": 0.12254497083336745,
              "sem": 0.0036815068475241517,
              "df": 1107,
              "critical": 1.96,
              "moe": 0.007215753421147338,
              "p75": 0.4394999999999527,
              "p99": 0.8506250000000364,
              "p995": 0.9532910000000356,
              "p999": 1.7487909999999829,
              "sampleCount": 1108,
              "median": 0.4120829999999387
            },
            {
              "id": "-1072438084_0_1",
              "name": "extractPages (1 page from 100-page PDF)",
              "rank": 2,
              "rme": 1.14326877952979,
              "samples": [],
              "totalTime": 500.9256660000017,
              "min": 1.502375000000029,
              "max": 2.347500000000082,
              "hz": 560.9614740722809,
              "period": 1.782653615658369,
              "mean": 1.782653615658369,
              "variance": 0.03038259004746126,
              "sd": 0.17430602412843127,
              "sem": 0.010398225630092402,
              "df": 280,
              "critical": 1.96,
              "moe": 0.02038052223498111,
              "p75": 1.8196669999999813,
              "p99": 2.319291000000021,
              "p995": 2.3412920000000668,
              "p999": 2.347500000000082,
              "sampleCount": 281,
              "median": 1.7196670000000722
            },
            {
              "id": "-1072438084_0_2",
              "name": "extractPages (1 page from 2000-page PDF)",
              "rank": 3,
              "rme": 2.6124445200935758,
              "samples": [],
              "totalTime": 531.2322489999992,
              "min": 37.85783300000003,
              "max": 44.21758299999965,
              "hz": 24.471405914214404,
              "period": 40.864019153846094,
              "mean": 40.864019153846094,
              "variance": 3.120363595900889,
              "sd": 1.7664550930892324,
              "sem": 0.4899264933798263,
              "df": 12,
              "critical": 2.179,
              "moe": 1.0675498290746415,
              "p75": 42.14979199999971,
              "p99": 44.21758299999965,
              "p995": 44.21758299999965,
              "p999": 44.21758299999965,
              "sampleCount": 13,
              "median": 40.22212499999978
            }
          ]
        },
        {
          "fullName": "benchmarks/splitting.bench.ts > Split into single-page PDFs",
          "benchmarks": [
            {
              "id": "-1072438084_1_0",
              "name": "split 100-page PDF (0.1MB)",
              "rank": 1,
              "rme": 1.8856591767197517,
              "samples": [],
              "totalTime": 506.2218300000013,
              "min": 30.098917000000256,
              "max": 34.55699999999979,
              "hz": 31.60669700870063,
              "period": 31.638864375000082,
              "mean": 31.638864375000082,
              "variance": 1.2540684871776795,
              "sd": 1.119851993424881,
              "sem": 0.27996299835622024,
              "df": 15,
              "critical": 2.131,
              "moe": 0.5966011494971053,
              "p75": 32.05224999999973,
              "p99": 34.55699999999979,
              "p995": 34.55699999999979,
              "p999": 34.55699999999979,
              "sampleCount": 16,
              "median": 31.37264550000009
            },
            {
              "id": "-1072438084_1_1",
              "name": "split 2000-page PDF (0.9MB)",
              "rank": 2,
              "rme": 0,
              "samples": [],
              "totalTime": 582.5043749999995,
              "min": 582.5043749999995,
              "max": 582.5043749999995,
              "hz": 1.716725303565318,
              "period": 582.5043749999995,
              "mean": 582.5043749999995,
              "variance": 0,
              "sd": 0,
              "sem": 0,
              "df": 0,
              "critical": 12.71,
              "moe": 0,
              "p75": 582.5043749999995,
              "p99": 582.5043749999995,
              "p995": 582.5043749999995,
              "p999": 582.5043749999995,
              "sampleCount": 1,
              "median": 582.5043749999995
            }
          ]
        },
        {
          "fullName": "benchmarks/splitting.bench.ts > Batch page extraction",
          "benchmarks": [
            {
              "id": "-1072438084_2_0",
              "name": "extract first 10 pages from 2000-page PDF",
              "rank": 1,
              "rme": 3.094676818514817,
              "samples": [],
              "totalTime": 514.4472479999995,
              "min": 39.471832999999606,
              "max": 46.71299999999974,
              "hz": 23.326006790107296,
              "period": 42.87060399999996,
              "mean": 42.87060399999996,
              "variance": 4.360044973374979,
              "sd": 2.0880720709245115,
              "sem": 0.602774486117803,
              "df": 11,
              "critical": 2.201,
              "moe": 1.3267066439452846,
              "p75": 43.80012500000066,
              "p99": 46.71299999999974,
              "p995": 46.71299999999974,
              "p999": 46.71299999999974,
              "sampleCount": 12,
              "median": 42.56633349999993
            },
            {
              "id": "-1072438084_2_1",
              "name": "extract first 100 pages from 2000-page PDF",
              "rank": 2,
              "rme": 3.2071455847378436,
              "samples": [],
              "totalTime": 509.16504200000236,
              "min": 48.13025000000016,
              "max": 54.86754199999996,
              "hz": 19.639997201535987,
              "period": 50.91650420000023,
              "mean": 50.91650420000023,
              "variance": 5.211578755405502,
              "sd": 2.282888248558282,
              "sem": 0.7219126509076774,
              "df": 9,
              "critical": 2.262,
              "moe": 1.6329664163531663,
              "p75": 52.17775000000074,
              "p99": 54.86754199999996,
              "p995": 54.86754199999996,
              "p999": 54.86754199999996,
              "sampleCount": 10,
              "median": 51.348021000000244
            },
            {
              "id": "-1072438084_2_2",
              "name": "extract every 10th page from 2000-page PDF (200 pages)",
              "rank": 3,
              "rme": 4.394613298511672,
              "samples": [],
              "totalTime": 529.0494579999995,
              "min": 54.37287500000002,
              "max": 64.11266699999942,
              "hz": 17.011642038200534,
              "period": 58.78327311111106,
              "mean": 58.78327311111106,
              "variance": 11.294649634264848,
              "sd": 3.360751349663472,
              "sem": 1.120250449887824,
              "df": 8,
              "critical": 2.306,
              "moe": 2.5832975374413225,
              "p75": 60.755959000000075,
              "p99": 64.11266699999942,
              "p995": 64.11266699999942,
              "p999": 64.11266699999942,
              "sampleCount": 9,
              "median": 57.71983300000011
            }
          ]
        }
      ]
    }
  ]
}
