{
  "files": [
    {
      "filepath": "/Users/lucas/dev/libpdf/benchmarks/splitting.bench.ts",
      "groups": [
        {
          "fullName": "benchmarks/splitting.bench.ts > Extract single page",
          "benchmarks": [
            {
              "id": "-1072438084_0_0",
              "name": "extractPages (1 page from small PDF)",
              "rank": 1,
              "rme": 1.3598162943493441,
              "samples": [],
              "totalTime": 500.19283100000087,
              "min": 0.3138329999999314,
              "max": 2.999708000000055,
              "hz": 2802.9190206446556,
              "period": 0.35677092082739004,
              "mean": 0.35677092082739004,
              "variance": 0.008589645712391514,
              "sd": 0.09268034156384791,
              "sem": 0.002475218936179106,
              "df": 1401,
              "critical": 1.96,
              "moe": 0.004851429114911048,
              "p75": 0.3457499999999527,
              "p99": 0.5737500000000182,
              "p995": 0.6079170000000431,
              "p999": 0.9181670000000395,
              "sampleCount": 1402,
              "median": 0.333729500000004
            },
            {
              "id": "-1072438084_0_1",
              "name": "extractPages (1 page from 100-page PDF)",
              "rank": 2,
              "rme": 0.5969408576151285,
              "samples": [],
              "totalTime": 500.4518780000001,
              "min": 1.4726660000001175,
              "max": 2.0149169999999685,
              "hz": 633.4275360637171,
              "period": 1.5787125488958993,
              "mean": 1.5787125488958993,
              "variance": 0.007328512823299263,
              "sd": 0.0856067335161158,
              "sem": 0.0048081531778861415,
              "df": 316,
              "critical": 1.96,
              "moe": 0.009423980228656837,
              "p75": 1.589292000000114,
              "p99": 1.8592499999999745,
              "p995": 1.8713330000000497,
              "p999": 2.0149169999999685,
              "sampleCount": 317,
              "median": 1.55074999999988
            },
            {
              "id": "-1072438084_0_2",
              "name": "extractPages (1 page from 2000-page PDF)",
              "rank": 3,
              "rme": 0.8810702753157642,
              "samples": [],
              "totalTime": 503.6995829999996,
              "min": 24.38437500000009,
              "max": 26.65845900000022,
              "hz": 39.70620718183127,
              "period": 25.184979149999982,
              "mean": 25.184979149999982,
              "variance": 0.2247997529768304,
              "sd": 0.47413052314402876,
              "sem": 0.10601880799575855,
              "df": 19,
              "critical": 2.093,
              "moe": 0.22189736513512265,
              "p75": 25.31841600000007,
              "p99": 26.65845900000022,
              "p995": 26.65845900000022,
              "p999": 26.65845900000022,
              "sampleCount": 20,
              "median": 25.21672899999976
            }
          ]
        },
        {
          "fullName": "benchmarks/splitting.bench.ts > Split into single-page PDFs",
          "benchmarks": [
            {
              "id": "-1072438084_1_0",
              "name": "split 100-page PDF (0.1MB)",
              "rank": 1,
              "rme": 1.7048381748393946,
              "samples": [],
              "totalTime": 502.2399970000006,
              "min": 19.57883300000003,
              "max": 23.024417000000085,
              "hz": 47.78591936794706,
              "period": 20.92666654166669,
              "mean": 20.92666654166669,
              "variance": 0.7136030401800851,
              "sd": 0.8447502827345399,
              "sem": 0.17243392939762045,
              "df": 23,
              "critical": 2.069,
              "moe": 0.3567657999236767,
              "p75": 21.305459000000155,
              "p99": 23.024417000000085,
              "p995": 23.024417000000085,
              "p999": 23.024417000000085,
              "sampleCount": 24,
              "median": 20.864958000000115
            },
            {
              "id": "-1072438084_1_1",
              "name": "split 2000-page PDF (0.9MB)",
              "rank": 2,
              "rme": 0,
              "samples": [],
              "totalTime": 369.2785839999997,
              "min": 369.2785839999997,
              "max": 369.2785839999997,
              "hz": 2.7079826540929353,
              "period": 369.2785839999997,
              "mean": 369.2785839999997,
              "variance": 0,
              "sd": 0,
              "sem": 0,
              "df": 0,
              "critical": 12.71,
              "moe": 0,
              "p75": 369.2785839999997,
              "p99": 369.2785839999997,
              "p995": 369.2785839999997,
              "p999": 369.2785839999997,
              "sampleCount": 1,
              "median": 369.2785839999997
            }
          ]
        },
        {
          "fullName": "benchmarks/splitting.bench.ts > Batch page extraction",
          "benchmarks": [
            {
              "id": "-1072438084_2_0",
              "name": "extract first 10 pages from 2000-page PDF",
              "rank": 1,
              "rme": 2.2077471741058514,
              "samples": [],
              "totalTime": 511.5155429999995,
              "min": 25.185083999999733,
              "max": 31.580417000000125,
              "hz": 37.14452133471146,
              "period": 26.9218706842105,
              "mean": 26.9218706842105,
              "variance": 1.5205847790653222,
              "sd": 1.2331199370155859,
              "sem": 0.2828971153008515,
              "df": 18,
              "critical": 2.101,
              "moe": 0.594366839247089,
              "p75": 27.052708000000166,
              "p99": 31.580417000000125,
              "p995": 31.580417000000125,
              "p999": 31.580417000000125,
              "sampleCount": 19,
              "median": 26.722999999999956
            },
            {
              "id": "-1072438084_2_1",
              "name": "extract first 100 pages from 2000-page PDF",
              "rank": 2,
              "rme": 1.8050175681822698,
              "samples": [],
              "totalTime": 517.9517489999989,
              "min": 33.36449999999968,
              "max": 37.865499999999884,
              "hz": 28.960226563497965,
              "period": 34.53011659999993,
              "mean": 34.53011659999993,
              "variance": 1.2664720864594134,
              "sd": 1.1253764198966556,
              "sem": 0.2905709421649515,
              "df": 14,
              "critical": 2.145,
              "moe": 0.6232746709438209,
              "p75": 35.07374999999956,
              "p99": 37.865499999999884,
              "p995": 37.865499999999884,
              "p999": 37.865499999999884,
              "sampleCount": 15,
              "median": 34.1270829999994
            },
            {
              "id": "-1072438084_2_2",
              "name": "extract every 10th page from 2000-page PDF (200 pages)",
              "rank": 3,
              "rme": 3.7908921701889815,
              "samples": [],
              "totalTime": 528.9624159999994,
              "min": 37.919458000000304,
              "max": 48.4839579999998,
              "hz": 24.576415274086347,
              "period": 40.689416615384566,
              "mean": 40.689416615384566,
              "variance": 6.5144038865667575,
              "sd": 2.552333028146358,
              "sem": 0.707889815772459,
              "df": 12,
              "critical": 2.179,
              "moe": 1.542491908568188,
              "p75": 40.70625000000018,
              "p99": 48.4839579999998,
              "p995": 48.4839579999998,
              "p999": 48.4839579999998,
              "sampleCount": 13,