{
  "files": [
    {
      "filepath": "/Users/lucas/dev/libpdf/benchmarks/splitting.bench.ts",
      "groups": [
        {
          "fullName": "benchmarks/splitting.bench.ts > Extract single page",
          "benchmarks": [
            {
              "id": "-1072438084_0_0",
              "name": "extractPages (1 page from small PDF)",
              "rank": 1,
              "rme": 0.6803617904005139,
              "samples": [],
              "totalTime": 500.2104360000012,
              "min": 0.31749999999988177,
              "max": 0.7807909999999083,
              "hz": 2598.9061931526694,
              "period": 0.3847772584615394,
              "mean": 0.3847772584615394,
              "variance": 0.002319155302547339,
              "sd": 0.04815760897872048,
              "sem": 0.0013356517575117053,
              "df": 1299,
              "critical": 1.96,
              "moe": 0.0026178774447229423,
              "p75": 0.38512500000001637,
              "p99": 0.615833000000066,
              "p995": 0.6623329999999896,
              "p999": 0.7236249999998563,
              "sampleCount": 1300,
              "median": 0.37283300000012787
            },
            {
              "id": "-1072438084_0_1",
              "name": "extractPages (1 page from 100-page PDF)",
              "rank": 2,
              "rme": 0.787155411012552,
              "samples": [],
              "totalTime": 500.06587099999865,
              "min": 1.5184580000000096,
              "max": 2.1133749999999054,
              "hz": 601.92070176291,
              "period": 1.6613484086378694,
              "mean": 1.6613484086378694,
              "variance": 0.013399752069859515,
              "sd": 0.11575729812784814,
              "sem": 0.006672139742022405,
              "df": 300,
              "critical": 1.96,
              "moe": 0.013077393894363914,
              "p75": 1.7012500000000728,
              "p99": 2.0060419999999795,
              "p995": 2.059125000000222,
              "p999": 2.1133749999999054,
              "sampleCount": 301,
              "median": 1.6227090000002136
            },
            {
              "id": "-1072438084_0_2",
              "name": "extractPages (1 page from 2000-page PDF)",
              "rank": 3,
              "rme": 1.172293974657617,
              "samples": [],
              "totalTime": 509.9992109999989,
              "min": 24.20520899999974,
              "max": 26.485957999999755,
              "hz": 39.215746943577216,
              "period": 25.499960549999948,
              "mean": 25.499960549999948,
              "variance": 0.40798446042404196,
              "sd": 0.6387366127161038,
              "sem": 0.14282584857511646,
              "df": 19,
              "critical": 2.093,
              "moe": 0.29893450106771874,
              "p75": 26.051500000000033,
              "p99": 26.485957999999755,
              "p995": 26.485957999999755,
              "p999": 26.485957999999755,
              "sampleCount": 20,
              "median": 25.388771000000133
            }
          ]
        },
        {
          "fullName": "benchmarks/splitting.bench.ts > Split into single-page PDFs",
          "benchmarks": [
            {
              "id": "-1072438084_1_0",
              "name": "split 100-page PDF (0.1MB)",
              "rank": 1,
              "rme": 1.5707569902861633,
              "samples": [],
              "totalTime": 516.3171660000003,
              "min": 23.525666999999885,
              "max": 26.712125000000015,
              "hz": 40.672674439028796,
              "period": 24.586531714285726,
              "mean": 24.586531714285726,
              "variance": 0.7197857225650164,
              "sd": 0.8484018638387214,
              "sem": 0.18513646479916948,
              "df": 20,
              "critical": 2.086,
              "moe": 0.3861946655710675,
              "p75": 24.975667000000158,
              "p99": 26.712125000000015,
              "p995": 26.712125000000015,
              "p999": 26.712125000000015,
              "sampleCount": 21,
              "median": 24.294166000000132
            },
            {
              "id": "-1072438084_1_1",
              "name": "split 2000-page PDF (0.9MB)",
              "rank": 2,
              "rme": 0,
              "samples": [],
              "totalTime": 432.27162499999986,
              "min": 432.27162499999986,
              "max": 432.27162499999986,
              "hz": 2.313360262774593,
              "period": 432.27162499999986,
              "mean": 432.27162499999986,
              "variance": 0,
              "sd": 0,
              "sem": 0,
              "df": 0,
              "critical": 12.71,
              "moe": 0,
              "p75": 432.27162499999986,
              "p99": 432.27162499999986,
              "p995": 432.27162499999986,
              "p999": 432.27162499999986,
              "sampleCount": 1,
              "median": 432.27162499999986
            }
          ]
        },
        {
          "fullName": "benchmarks/splitting.bench.ts > Batch page extraction",
          "benchmarks": [
            {
              "id": "-1072438084_2_0",
              "name": "extract first 10 pages from 2000-page PDF",
              "rank": 1,
              "rme": 2.223598050281543,
              "samples": [],
              "totalTime": 518.8923730000015,
              "min": 26.314790999999786,
              "max": 30.981832999999824,
              "hz": 36.61645649202854,
              "period": 27.31012489473692,
              "mean": 27.31012489473692,
              "variance": 1.5873088504924244,
              "sd": 1.2598844591836287,
              "sem": 0.28903731779572794,
              "df": 18,
              "critical": 2.101,
              "moe": 0.6072674046888245,
              "p75": 27.280499999999847,
              "p99": 30.981832999999824,
              "p995": 30.981832999999824,
              "p999": 30.981832999999824,
              "sampleCount": 19,
              "median": 26.98291700000027
            },
            {
              "id": "-1072438084_2_1",
              "name": "extract first 100 pages from 2000-page PDF",
              "rank": 2,
              "rme": 2.213921234147061,
              "samples": [],
              "totalTime": 528.2034549999998,
              "min": 34.1123749999997,
              "max": 39.86729100000048,
              "hz": 28.398148209765125,
              "period": 35.21356366666666,
              "mean": 35.21356366666666,
              "variance": 1.9814401301546256,
              "sd": 1.4076363628986805,
              "sem": 0.3634501460681713,
              "df": 14,
              "critical": 2.145,
              "moe": 0.7796005633162274,
              "p75": 35.0894159999998,
              "p99": 39.86729100000048,
              "p995": 39.86729100000048,
              "p999": 39.86729100000048,
              "sampleCount": 15,
              "median": 34.765957999999955
            },
            {
              "id": "-1072438084_2_2",
              "name": "extract every 10th page from 2000-page PDF (200 pages)",
              "rank": 3,
              "rme": 2.0448631675208837,
              "samples": [],
              "totalTime": 526.8241219999973,
              "min": 38.62562499999967,
              "max": 42.899374999999964,
              "hz": 24.67616697323527,
              "period": 40.52493246153825,
              "mean": 40.52493246153825,
              "variance": 1.8801911150990929,
              "sd": 1.3712006108148773,
              "sem": 0.38030262394158326,
              "df": 12,
              "critical": 2.179,
              "moe": 0.8286794175687099,
              "p75": 41.67979099999957,
              "p99": 42.899374999999964,
              "p995": 42.899374999999964,
              "p999": 42.899374999999964,
              "sampleCount": 13,