{
  "files": [
    {
      "filepath": "/Users/lucas/dev/libpdf/benchmarks/splitting.bench.ts",
      "groups": [
        {
          "fullName": "benchmarks/splitting.bench.ts > Extract single page",
          "benchmarks": [
            {
              "id": "-1072438084_0_0",
              "name": "extractPages (1 page from small PDF)",
              "rank": 1,
              "rme": 0.8892829061609049,
              "samples": [],
              "totalTime": 500.31841499999973,
              "min": 0.2905420000001868,
              "max": 1.9279579999999896,
              "hz": 2924.1378213112557,
              "period": 0.3419811449077237,
              "mean": 0.3419811449077237,
              "variance": 0.0035222193288500063,
              "sd": 0.05934828833968176,
              "sem": 0.001551622379570276,
              "df": 1462,
              "critical": 1.96,
              "moe": 0.0030411798639577406,
              "p75": 0.3381249999999909,
              "p99": 0.5579999999999927,
              "p995": 0.5912919999998394,
              "p999": 0.6483749999999873,
              "sampleCount": 1463,
              "median": 0.3292500000002292
            },
            {
              "id": "-1072438084_0_1",
              "name": "extractPages (1 page from 100-page PDF)",
              "rank": 2,
              "rme": 0.6942473447539961,
              "samples": [],
              "totalTime": 500.1834050000034,
              "min": 1.3748750000004293,
              "max": 1.868916999999783,
              "hz": 669.7543274151564,
              "period": 1.4930847910447862,
              "mean": 1.4930847910447862,
              "variance": 0.009369794423687357,
              "sd": 0.09679769844209808,
              "sem": 0.005288623222833765,
              "df": 334,
              "critical": 1.96,
              "moe": 0.010365701516754179,
              "p75": 1.5309159999997064,
              "p99": 1.8027499999998327,
              "p995": 1.8117079999997259,
              "p999": 1.868916999999783,
              "sampleCount": 335,
              "median": 1.4698750000002292
            },
            {
              "id": "-1072438084_0_2",
              "name": "extractPages (1 page from 2000-page PDF)",
              "rank": 3,
              "rme": 1.1888586380169315,
              "samples": [],
              "totalTime": 501.3285840000003,
              "min": 24.17533400000002,
              "max": 27.005499999999756,
              "hz": 39.89399495321812,
              "period": 25.066429200000016,
              "mean": 25.066429200000016,
              "variance": 0.4054496384268641,
              "sd": 0.6367492743826758,
              "sem": 0.14238146621433284,
              "df": 19,
              "critical": 2.093,
              "moe": 0.2980044087865986,
              "p75": 25.286291999999776,
              "p99": 27.005499999999756,
              "p995": 27.005499999999756,
              "p999": 27.005499999999756,
              "sampleCount": 20,
              "median": 24.951479000000063
            }
          ]
        },
        {
          "fullName": "benchmarks/splitting.bench.ts > Split into single-page PDFs",
          "benchmarks": [
            {
              "id": "-1072438084_1_0",
              "name": "split 100-page PDF (0.1MB)",
              "rank": 1,
              "rme": 1.241299549103146,
              "samples": [],
              "totalTime": 509.5840829999979,
              "min": 12.014166999999816,
              "max": 13.951500000000124,
              "hz": 78.49538738438218,
              "period": 12.739602074999947,
              "mean": 12.739602074999947,
              "variance": 0.2443938158093934,
              "sd": 0.4943620290934503,
              "sem": 0.07816550003188641,
              "df": 39,
              "critical": 2.0231,
              "moe": 0.15813662311450938,
              "p75": 12.96362500000032,
              "p99": 13.951500000000124,
              "p995": 13.951500000000124,
              "p999": 13.951500000000124,
              "sampleCount": 40,
              "median": 12.703645499999766
            },
            {
              "id": "-1072438084_1_1",
              "name": "split 2000-page PDF (0.9MB)",
              "rank": 2,
              "rme": 0,
              "samples": [],
              "totalTime": 244.68245800000022,
              "min": 244.68245800000022,
              "max": 244.68245800000022,
              "hz": 4.086929680917294,
              "period": 244.68245800000022,
              "mean": 244.68245800000022,
              "variance": 0,
              "sd": 0,
              "sem": 0,
              "df": 0,
              "critical": 12.71,
              "moe": 0,
              "p75": 244.68245800000022,
              "p99": 244.68245800000022,
              "p995": 244.68245800000022,
              "p999": 244.68245800000022,
              "sampleCount": 1,
              "median": 244.68245800000022
            }
          ]
        },
        {
          "fullName": "benchmarks/splitting.bench.ts > Batch page extraction",
          "benchmarks": [
            {
              "id": "-1072438084_2_0",
              "name": "extract first 10 pages from 2000-page PDF",
              "rank": 1,
              "rme": 0.9557725912034225,
              "samples": [],
              "totalTime": 504.57903800000076,
              "min": 24.360125000000153,
              "max": 25.940999999999804,
              "hz": 39.637001329413074,
              "period": 25.228951900000038,
              "mean": 25.228951900000038,
              "variance": 0.2654600064528459,
              "sd": 0.5152281110856102,
              "sem": 0.11520850803062373,
              "df": 19,
              "critical": 2.093,
              "moe": 0.24113140730809546,
              "p75": 25.62262499999997,
              "p99": 25.940999999999804,
              "p995": 25.940999999999804,
              "p999": 25.940999999999804,
              "sampleCount": 20,
              "median": 25.240332999999737
            },
            {
              "id": "-1072438084_2_1",
              "name": "extract first 100 pages from 2000-page PDF",
              "rank": 2,
              "rme": 0.8129752528372926,
              "samples": [],
              "totalTime": 509.13470899999993,
              "min": 25.983500000000276,
              "max": 28.018167000000176,
              "hz": 37.31821787856149,
              "period": 26.796563631578945,
              "mean": 26.796563631578945,
              "variance": 0.20427459388908475,
              "sd": 0.45196746994566406,
              "sem": 0.10368844880320557,
              "df": 18,
              "critical": 2.101,
              "moe": 0.2178494309355349,
              "p75": 27.132666999999856,
              "p99": 28.018167000000176,
              "p995": 28.018167000000176,
              "p999": 28.018167000000176,
              "sampleCount": 19,
              "median": 26.71374999999989
            },
            {
              "id": "-1072438084_2_2",
              "name": "extract every 10th page from 2000-page PDF (200 pages)",
              "rank": 3,
              "rme": 1.7260235531528858,
              "samples": [],
              "totalTime": 526.418208000001,
              "min": 28.0747080000001,
              "max": 31.5014170000004,
              "hz": 34.19334613896935,
              "period": 29.245456000000054,
              "mean": 29.245456000000054,
              "variance": 1.0301911737761424,
              "sd": 1.014983336698757,
              "sem": 0.23923386672368,
              "df": 17,
              "critical": 2.11,
              "moe": 0.5047834587869647,
              "p75": 29.7938750000003,
              "p99": 31.5014170000004,
              "p995": 31.5014170000004,
              "p999": 31.5014170000004,
              "sampleCount": 18,