{
  "files": [
    {
      "filepath": "/Users/lucas/dev/libpdf/benchmarks/splitting.bench.ts",
      "groups": [
        {
          "fullName": "benchmarks/splitting.bench.ts > Extract single page",
          "benchmarks": [
            {
              "id": "-1072438084_0_0",
              "name": "extractPages (1 page from small PDF)",
              "rank": 1,
              "rme": 0.8797965308418093,
              "samples": [],
              "totalTime": 500.17104999999685,
              "min": 0.3400409999999283,
              "max": 0.8508749999998599,
              "hz": 2517.1388867868463,
              "period": 0.39727644956314284,
              "mean": 0.39727644956314284,
              "variance": 0.004003720204126598,
              "sd": 0.0632749571641625,
              "sem": 0.0017832777658714494,
              "df": 1258,
              "critical": 1.96,
              "moe": 0.0034952244211080407,
              "p75": 0.3927090000001954,
              "p99": 0.74350000000004,
              "p995": 0.7761249999998654,
              "p999": 0.8387500000000045,
              "sampleCount": 1259,
              "median": 0.38120900000012625
            },
            {
              "id": "-1072438084_0_1",
              "name": "extractPages (1 page from 100-page PDF)",
              "rank": 2,
              "rme": 0.9765406302412275,
              "samples": [],
              "totalTime": 500.3271310000009,
              "min": 1.584292000000005,
              "max": 2.372624999999971,
              "hz": 575.6233914886368,
              "period": 1.737246982638892,
              "mean": 1.737246982638892,
              "variance": 0.021576654723250537,
              "sd": 0.14688994085113705,
              "sem": 0.008655572771994156,
              "df": 287,
              "critical": 1.96,
              "moe": 0.016964922633108545,
              "p75": 1.756249999999909,
              "p99": 2.2702919999999267,
              "p995": 2.3456670000000486,
              "p999": 2.372624999999971,
              "sampleCount": 288,
              "median": 1.6839165000000094
            },
            {
              "id": "-1072438084_0_2",
              "name": "extractPages (1 page from 2000-page PDF)",
              "rank": 3,
              "rme": 2.1980090898940152,
              "samples": [],
              "totalTime": 533.5146669999999,
              "min": 38.59916599999997,
              "max": 43.44508300000007,
              "hz": 24.366715301568274,
              "period": 41.039589769230766,
              "mean": 41.039589769230766,
              "variance": 2.227890706742653,
              "sd": 1.4926120416044664,
              "sem": 0.4139760961830687,
              "df": 12,
              "critical": 2.179,
              "moe": 0.9020539135829065,
              "p75": 42.321292000000085,
              "p99": 43.44508300000007,
              "p995": 43.44508300000007,
              "p999": 43.44508300000007,
              "sampleCount": 13,
              "median": 40.792207999999846
            }
          ]
        },
        {
          "fullName": "benchmarks/splitting.bench.ts > Split into single-page PDFs",
          "benchmarks": [
            {
              "id": "-1072438084_1_0",
              "name": "split 100-page PDF (0.1MB)",
              "rank": 1,
              "rme": 1.9707618954593826,
              "samples": [],
              "totalTime": 519.5589599999998,
              "min": 25.109875000000102,
              "max": 29.522958000000017,
              "hz": 36.569478081948596,
              "period": 27.34520842105262,
              "mean": 27.34520842105262,
              "variance": 1.2500641058887851,
              "sd": 1.11806265740735,
              "sem": 0.25650116506237763,
              "df": 18,
              "critical": 2.101,
              "moe": 0.5389089477960554,
              "p75": 28.18224999999984,
              "p99": 29.522958000000017,
              "p995": 29.522958000000017,
              "p999": 29.522958000000017,
              "sampleCount": 19,
              "median": 27.39729099999977
            },
            {
              "id": "-1072438084_1_1",
              "name": "split 2000-page PDF (0.9MB)",
              "rank": 2,
              "rme": 0,
              "samples": [],
              "totalTime": 506.605583,
              "min": 506.605583,
              "max": 506.605583,
              "hz": 1.9739221863253724,
              "period": 506.605583,
              "mean": 506.605583,
              "variance": 0,
              "sd": 0,
              "sem": 0,
              "df": 0,
              "critical": 12.71,
              "moe": 0,
              "p75": 506.605583,
              "p99": 506.605583,
              "p995": 506.605583,
              "p999": 506.605583,
              "sampleCount": 1,
              "median": 506.605583
            }
          ]
        },
        {
          "fullName": "benchmarks/splitting.bench.ts > Batch page extraction",
          "benchmarks": [
            {
              "id": "-1072438084_2_0",
              "name": "extract first 10 pages from 2000-page PDF",
              "rank": 1,
              "rme": 2.7205867827906096,
              "samples": [],
              "totalTime": 518.4931240000024,
              "min": 40.28308300000026,
              "max": 45.694250000000466,
              "hz": 23.143990623104088,
              "period": 43.20776033333353,
              "mean": 43.20776033333353,
              "variance": 3.422865540761208,
              "sd": 1.850098792162518,
              "sem": 0.5340775178412157,
              "df": 11,
              "critical": 2.201,
              "moe": 1.175504616768516,
              "p75": 44.60529199999928,
              "p99": 45.694250000000466,
              "p995": 45.694250000000466,
              "p999": 45.694250000000466,
              "sampleCount": 12,
              "median": 43.13712450000003
            },
            {
              "id": "-1072438084_2_1",
              "name": "extract first 100 pages from 2000-page PDF",
              "rank": 2,
              "rme": 6.90077055615189,
              "samples": [],
              "totalTime": 538.6501679999983,
              "min": 48.26045899999917,
              "max": 65.11799999999948,
              "hz": 18.56492505540262,
              "period": 53.86501679999983,
              "mean": 53.86501679999983,
              "variance": 27.003718600062566,
              "sd": 5.196510232844978,
              "sem": 1.6432808220162056,
              "df": 9,
              "critical": 2.262,
              "moe": 3.717101219400657,
              "p75": 54.15062500000022,
              "p99": 65.11799999999948,
              "p995": 65.11799999999948,
              "p999": 65.11799999999948,
              "sampleCount": 10,
              "median": 53.544791499999974
            },
            {
              "id": "-1072438084_2_2",
              "name": "extract every 10th page from 2000-page PDF (200 pages)",
              "rank": 3,
              "rme": 3.996294175601932,
              "samples": [],
              "totalTime": 509.82821200000035,
              "min": 52.99541700000009,
              "max": 62.211042000000816,
              "hz": 17.65300504790424,
              "period": 56.64757911111115,
              "mean": 56.64757911111115,
              "variance": 8.673642398208653,
              "sd": 2.9451048195622263,
              "sem": 0.9817016065207421,
              "df": 8,
              "critical": 2.306,
              "moe": 2.2638039046368315,
              "p75": 58.50329199999942,
              "p99": 62.211042000000816,
              "p995": 62.211042000000816,
              "p999": 62.211042000000816,
              "sampleCount": 9,
              "median": 56.19641700000011
            }
          ]
        }
      ]
    }
  ]
}
